{"v":"4.6.10","fr":30,"ip":0,"op":90,"w":750,"h":1334,"nm":"Not_Found","ddd":0,"assets":[],"layers":[{"ddd":0,"ind":2,"ty":4,"nm":"Right Eye Outlines","parent":3,"ks":{"o":{"a":0,"k":100},"r":{"a":0,"k":0},"p":{"a":0,"k":[133.866,14.586,0]},"a":{"a":0,"k":[15.16,15.16,0]},"s":{"a":0,"k":[100,100,100]}},"ao":0,"shapes":[{"ty":"gr","it":[{"ind":0,"ty":"sh","ix":1,"ks":{"a":0,"k":{"i":[[0,8.235],[-8.234,0],[0,-8.234],[8.235,0]],"o":[[0,-8.234],[6.309,0],[0,8.235],[-8.234,0]],"v":[[-14.91,0],[0,-14.91],[14.91,0],[0,14.91]],"c":true}},"nm":"Path 1","mn":"ADBE Vector Shape - Group"},{"ty":"fl","c":{"a":0,"k":[0.2,0.2,0.2,1]},"o":{"a":0,"k":100},"r":1,"nm":"Fill 1","mn":"ADBE Vector Graphic - Fill"},{"ty":"tr","p":{"a":0,"k":[15.16,15.16],"ix":2},"a":{"a":0,"k":[0,0],"ix":1},"s":{"a":0,"k":[100,100],"ix":3},"r":{"a":0,"k":0,"ix":6},"o":{"a":0,"k":100,"ix":7},"sk":{"a":0,"k":0,"ix":4},"sa":{"a":0,"k":0,"ix":5},"nm":"Transform"}],"nm":"Group 1","np":2,"cix":2,"ix":1,"mn":"ADBE Vector Group"}],"ip":0,"op":150,"st":0,"bm":0,"sr":1},{"ddd":0,"ind":3,"ty":4,"nm":"Left Eye Outlines","parent":5,"ks":{"o":{"a":0,"k":100},"r":{"a":0,"k":0},"p":{"a":0,"k":[-9.91,-90.76,0]},"a":{"a":0,"k":[15.16,15.16,0]},"s":{"a":1,"k":[{"i":{"x":[1,0.667,0.667],"y":[1,1,0.667]},"o":{"x":[0.894,0.333,0.333],"y":[0.894,0,0.333]},"n":["1_1_0p894_0p894","0p667_1_0p333_0","0p667_0p667_0p333_0p333"],"t":0,"s":[100,100,100],"e":[100,0,100]},{"i":{"x":[0.667,0.667,0.667],"y":[0.667,1,0.667]},"o":{"x":[0.333,0.333,0.333],"y":[0.333,0,0.333]},"n":["0p667_0p667_0p333_0p333","0p667_1_0p333_0","0p667_0p667_0p333_0p333"],"t":3,"s":[100,0,100],"e":[100,100,100]},{"i":{"x":[0.667,0.667,0.667],"y":[0.667,1,0.667]},"o":{"x":[0.333,0.333,0.333],"y":[0.333,0,0.333]},"n":["0p667_0p667_0p333_0p333","0p667_1_0p333_0","0p667_0p667_0p333_0p333"],"t":6,"s":[100,100,100],"e":[100,0,100]},{"i":{"x":[0.667,0.667,0.667],"y":[0.667,1,0.667]},"o":{"x":[0.333,0.333,0.333],"y":[0.333,0,0.333]},"n":["0p667_0p667_0p333_0p333","0p667_1_0p333_0","0p667_0p667_0p333_0p333"],"t":9,"s":[100,0,100],"e":[100,100,100]},{"t":12}]}},"ao":0,"shapes":[{"ty":"gr","it":[{"ind":0,"ty":"sh","ix":1,"ks":{"a":0,"k":{"i":[[0,8.234],[-8.235,0],[0,-8.235],[8.235,0]],"o":[[0,-8.235],[6.308,0],[0,8.234],[-8.235,0]],"v":[[-14.91,0],[0,-14.91],[14.91,0],[0,14.91]],"c":true}},"nm":"Path 1","mn":"ADBE Vector Shape - Group"},{"ty":"fl","c":{"a":0,"k":[0.2,0.2,0.2,1]},"o":{"a":0,"k":100},"r":1,"nm":"Fill 1","mn":"ADBE Vector Graphic - Fill"},{"ty":"tr","p":{"a":0,"k":[15.16,15.16],"ix":2},"a":{"a":0,"k":[0,0],"ix":1},"s":{"a":0,"k":[100,100],"ix":3},"r":{"a":0,"k":0,"ix":6},"o":{"a":0,"k":100,"ix":7},"sk":{"a":0,"k":0,"ix":4},"sa":{"a":0,"k":0,"ix":5},"nm":"Transform"}],"nm":"Group 1","np":2,"cix":2,"ix":1,"mn":"ADBE Vector Group"}],"ip":0,"op":150,"st":0,"bm":0,"sr":1},{"ddd":0,"ind":5,"ty":4,"nm":"Mouth Line Outlines","ks":{"o":{"a":0,"k":100},"r":{"a":0,"k":0},"p":{"a":1,"k":[{"i":{"x":0.833,"y":0.833},"o":{"x":0.167,"y":0.167},"n":"0p833_0p833_0p167_0p167","t":12,"s":[377.677,649.808,0],"e":[337.677,609.808,0],"to":[-6.66666650772095,-6.66666650772095,0],"ti":[6.66666650772095,6.66666650772095,0]},{"i":{"x":0.833,"y":0.833},"o":{"x":0.167,"y":0.167},"n":"0p833_0p833_0p167_0p167","t":17,"s":[337.677,609.808,0],"e":[337.677,609.808,0],"to":[0,0,0],"ti":[0,0,0]},{"i":{"x":0.833,"y":0.833},"o":{"x":0.167,"y":0.167},"n":"0p833_0p833_0p167_0p167","t":22,"s":[337.677,609.808,0],"e":[417.677,669.808,0],"to":[13.3333330154419,10,0],"ti":[-13.3333330154419,-10,0]},{"i":{"x":0.833,"y":0.833},"o":{"x":0.167,"y":0.167},"n":"0p833_0p833_0p167_0p167","t":27,"s":[417.677,669.808,0],"e":[417.677,669.808,0],"to":[0,0,0],"ti":[0,0,0]},{"i":{"x":0.833,"y":0.833},"o":{"x":0.167,"y":0.167},"n":"0p833_0p833_0p167_0p167","t":32,"s":[417.677,669.808,0],"e":[337.677,683.808,0],"to":[-13.3333330154419,2.33333325386047,0],"ti":[13.3333330154419,-2.33333325386047,0]},{"i":{"x":0.833,"y":0.833},"o":{"x":0.167,"y":0.167},"n":"0p833_0p833_0p167_0p167","t":38,"s":[337.677,683.808,0],"e":[337.677,683.808,0],"to":[0,0,0],"ti":[0,0,0]},{"i":{"x":0.833,"y":0.833},"o":{"x":0.167,"y":0.167},"n":"0p833_0p833_0p167_0p167","t":44,"s":[337.677,683.808,0],"e":[397.677,603.808,0],"to":[10,-13.3333330154419,0],"ti":[-10,13.3333330154419,0]},{"i":{"x":0.833,"y":0.833},"o":{"x":0.167,"y":0.167},"n":"0p833_0p833_0p167_0p167","t":50,"s":[397.677,603.808,0],"e":[397.677,603.808,0],"to":[0,0,0],"ti":[0,0,0]},{"i":{"x":0.833,"y":0.833},"o":{"x":0.167,"y":0.167},"n":"0p833_0p833_0p167_0p167","t":56,"s":[397.677,603.808,0],"e":[377.677,649.808,0],"to":[-3.33333325386047,7.66666650772095,0],"ti":[3.33333325386047,-7.66666650772095,0]},{"t":60}]},"a":{"a":0,"k":[49.443,5.004,0]},"s":{"a":0,"k":[100,100,100]}},"ao":0,"shapes":[{"ty":"gr","it":[{"ind":0,"ty":"sh","ix":1,"ks":{"a":0,"k":{"i":[[0,0],[0,0]],"o":[[0,0],[0,0]],"v":[[-44.443,-0.004],[44.443,0.004]],"c":false}},"nm":"Path 1","mn":"ADBE Vector Shape - Group"},{"ty":"st","c":{"a":0,"k":[0.2,0.2,0.2,1]},"o":{"a":0,"k":100},"w":{"a":0,"k":10},"lc":2,"lj":1,"ml":10,"nm":"Stroke 1","mn":"ADBE Vector Graphic - Stroke"},{"ty":"tr","p":{"a":0,"k":[49.443,5.004],"ix":2},"a":{"a":0,"k":[0,0],"ix":1},"s":{"a":0,"k":[100,100],"ix":3},"r":{"a":0,"k":0,"ix":6},"o":{"a":0,"k":100,"ix":7},"sk":{"a":0,"k":0,"ix":4},"sa":{"a":0,"k":0,"ix":5},"nm":"Transform"}],"nm":"Group 1","np":2,"cix":2,"ix":1,"mn":"ADBE Vector Group"}],"ip":0,"op":150,"st":0,"bm":0,"sr":1},{"ddd":0,"ind":6,"ty":4,"nm":"Face Outlines","ks":{"o":{"a":0,"k":100},"r":{"a":0,"k":0},"p":{"a":1,"k":[{"i":{"x":0.833,"y":0.833},"o":{"x":0.167,"y":0.167},"n":"0p833_0p833_0p167_0p167","t":12,"s":[372.66,582,0],"e":[362.66,572,0],"to":[-1.66666662693024,-1.66666662693024,0],"ti":[1.66666662693024,1.66666662693024,0]},{"i":{"x":0.833,"y":0.833},"o":{"x":0.167,"y":0.167},"n":"0p833_0p833_0p167_0p167","t":17,"s":[362.66,572,0],"e":[362.66,572,0],"to":[0,0,0],"ti":[0,0,0]},{"i":{"x":0.833,"y":0.833},"o":{"x":0.167,"y":0.167},"n":"0p833_0p833_0p167_0p167","t":22,"s":[362.66,572,0],"e":[382.66,592,0],"to":[3.33333325386047,3.33333325386047,0],"ti":[-3.33333325386047,-3.33333325386047,0]},{"i":{"x":0.833,"y":0.833},"o":{"x":0.167,"y":0.167},"n":"0p833_0p833_0p167_0p167","t":27,"s":[382.66,592,0],"e":[382.66,592,0],"to":[0,0,0],"ti":[0,0,0]},{"i":{"x":0.833,"y":0.833},"o":{"x":0.167,"y":0.167},"n":"0p833_0p833_0p167_0p167","t":32,"s":[382.66,592,0],"e":[362.66,592,0],"to":[-3.33333325386047,0,0],"ti":[3.33333325386047,0,0]},{"i":{"x":0.833,"y":0.833},"o":{"x":0.167,"y":0.167},"n":"0p833_0p833_0p167_0p167","t":38,"s":[362.66,592,0],"e":[362.66,592,0],"to":[0,0,0],"ti":[0,0,0]},{"i":{"x":0.833,"y":0.833},"o":{"x":0.167,"y":0.167},"n":"0p833_0p833_0p167_0p167","t":44,"s":[362.66,592,0],"e":[382.66,572,0],"to":[3.33333325386047,-3.33333325386047,0],"ti":[-3.33333325386047,3.33333325386047,0]},{"i":{"x":0.833,"y":0.833},"o":{"x":0.167,"y":0.167},"n":"0p833_0p833_0p167_0p167","t":50,"s":[382.66,572,0],"e":[382.66,572,0],"to":[0,0,0],"ti":[0,0,0]},{"i":{"x":0.833,"y":0.833},"o":{"x":0.167,"y":0.167},"n":"0p833_0p833_0p167_0p167","t":56,"s":[382.66,572,0],"e":[372.66,582,0],"to":[-1.66666662693024,1.66666662693024,0],"ti":[1.66666662693024,-1.66666662693024,0]},{"t":60}]},"a":{"a":0,"k":[136.59,136.591,0]},"s":{"a":0,"k":[100,100,100]}},"ao":0,"shapes":[{"ty":"gr","it":[{"ind":0,"ty":"sh","ix":1,"ks":{"a":0,"k":{"i":[[0,-75.299],[75.299,0],[0,75.299],[-75.299,0]],"o":[[0,75.299],[-75.299,0],[0,-75.299],[75.299,0]],"v":[[136.34,0],[-0.001,136.341],[-136.34,0],[-0.001,-136.341]],"c":true}},"nm":"Path 1","mn":"ADBE Vector Shape - Group"},{"ty":"fl","c":{"a":0,"k":[0.9254901960784314,0.0392156862745098,0.3686274509803922,1]},"o":{"a":0,"k":100},"r":1,"nm":"Fill 1","mn":"ADBE Vector Graphic - Fill"},{"ty":"tr","p":{"a":0,"k":[136.59,136.591],"ix":2},"a":{"a":0,"k":[0,0],"ix":1},"s":{"a":0,"k":[100,100],"ix":3},"r":{"a":0,"k":0,"ix":6},"o":{"a":0,"k":100,"ix":7},"sk":{"a":0,"k":0,"ix":4},"sa":{"a":0,"k":0,"ix":5},"nm":"Transform"}],"nm":"Group 1","np":2,"cix":2,"ix":1,"mn":"ADBE Vector Group"}],"ip":0,"op":150,"st":0,"bm":0,"sr":1}]}